{
  "id": "freez0rs-homebrew-content",
  "title": "Freez0r's Homebrew Content",
  "version": "1.0.0",
  "compatibility": {
    "minimum": "11",
    "verified": "11"
  },
  "relationships": {
    "systems": [
      {
        "id": "dnd5e",
        "type": "system",
        "compatibility": {}
      }
    ]
  },
  "description": "This module is a collection of different homebrew content for D&amp;D 5e. \n\nIt contains new classes, subclasses, races, feats, spells, and items – all in German !It includes both content created by me and translations of existing, freely available homebrew materials.\n\nKey Features:\n\n23 new Backgrounds\n100+ common items\n2 classes\n40 subclasses\n120+ feats\n180+ spells\n100+ Monsters",
  "scripts": [
    "scripts/setup.js"
  ],
  "authors": [
    {
      "name": "Freez0r"
    }
  ],
  "packs": [
    {
      "name": "fhc-items",
      "label": "FHC-Items",
      "path": "packs/fhc-items",
      "type": "Item",
      "system": "dnd5e",
      "ownership": {
        "PLAYER": "OBSERVER",
        "ASSISTANT": "OWNER"
      }
    },
    {
      "name": "fhc-hintergrunde",
      "label": "FHC-Hintergründe",
      "path": "packs/fhc-hintergrunde",
      "type": "Item",
      "system": "dnd5e",
      "ownership": {
        "PLAYER": "OBSERVER",
        "ASSISTANT": "OWNER"
      }
    },
    {
      "name": "fhc-klassen",
      "label": "FHC-Klassen",
      "path": "packs/fhc-klassen",
      "type": "Item",
      "system": "dnd5e",
      "ownership": {
        "PLAYER": "OBSERVER",
        "ASSISTANT": "OWNER"
      }
    },
    {
      "name": "fhc-klassenmerkmale",
      "label": "FHC-Klassenmerkmale",
      "path": "packs/fhc-klassenmerkmale",
      "type": "Item",
      "system": "dnd5e",
      "ownership": {
        "PLAYER": "OBSERVER",
        "ASSISTANT": "OWNER"
      }
    },
    {
      "name": "fhc-unterklassen",
      "label": "FHC-Unterklassen",
      "path": "packs/fhc-unterklassen",
      "type": "Item",
      "system": "dnd5e",
      "ownership": {
        "PLAYER": "OBSERVER",
        "ASSISTANT": "OWNER"
      }
    },
    {
      "name": "fhc-zauber",
      "label": "FHC-Zauber",
      "path": "packs/fhc-zauber",
      "type": "Item",
      "system": "dnd5e",
      "ownership": {
        "PLAYER": "OBSERVER",
        "ASSISTANT": "OWNER"
      }
    },
    {
      "name": "fhc-talente",
      "label": "FHC-Talente",
      "path": "packs/fhc-talente",
      "type": "Item",
      "system": "dnd5e",
      "ownership": {
        "PLAYER": "OBSERVER",
        "ASSISTANT": "OWNER"
      }
    },
    {
      "name": "fhc-monster",
      "label": "FHC-Monster",
      "path": "packs/fhc-monster",
      "type": "Actor",
      "system": "dnd5e",
      "ownership": {
        "PLAYER": "OBSERVER",
        "ASSISTANT": "OWNER"
      }
    },
    {
      "name": "fhc-monstermerkmale",
      "label": "FHC-Monstermerkmale",
      "path": "packs/fhc-monstermerkmale",
      "type": "Item",
      "system": "dnd5e",
      "ownership": {
        "PLAYER": "OBSERVER",
        "ASSISTANT": "OWNER"
      }
    },
    {
      "name": "fhc-wurfeltabellen",
      "label": "FHC-Würfeltabellen",
      "path": "packs/fhc-wurfeltabellen",
      "type": "RollTable",
      "system": "dnd5e",
      "ownership": {
        "PLAYER": "OBSERVER",
        "ASSISTANT": "OWNER"
      }
    }
  ]
}